quota,eps_hat,eps_tilde,delta,x,value,status,time
0,0,0,Inf,"{}",0.000000,OPT,2.9
0,0,0,Inf,"{1}",-1328.055556,OPT,0.0
0,0,0,Inf,"{2}",-864.000000,OPT,0.0
0,0,0,Inf,"{1,2}",-1031.722222,OPT,0.0
0,0,0,Inf,"{3}",305.000000,OPT,0.0
0,0,0,Inf,"{1,3}",-1023.055556,OPT,0.0
0,0,0,Inf,"{2,3}",-559.000000,OPT,0.0
0,0,0,Inf,"{1,2,3}",-726.722222,OPT,0.0
0,0,0,Inf,"{4}",305.000000,OPT,0.0
0,0,0,Inf,"{1,4}",-1023.055556,OPT,0.0
0,0,0,Inf,"{2,4}",-559.000000,OPT,0.0
0,0,0,Inf,"{1,2,4}",-726.722222,OPT,0.0
0,0,0,Inf,"{3,4}",610.000000,OPT,0.0
0,0,0,Inf,"{1,3,4}",-718.055556,OPT,0.0
0,0,0,Inf,"{2,3,4}",-254.000000,OPT,0.0
0,0,0,Inf,"{1,2,3,4}",-421.722222,OPT,0.0
150,0,0,Inf,"{}",0.000000,OPT,0.0
150,0,0,Inf,"{1}",-831.277778,OPT,0.1
150,0,0,Inf,"{2}",-864.000000,OPT,0.0
150,0,0,Inf,"{1,2}",-873.388889,OPT,0.1
150,0,0,Inf,"{3}",-13.722222,OPT,0.0
150,0,0,Inf,"{1,3}",-526.277778,OPT,0.5
150,0,0,Inf,"{2,3}",-559.000000,OPT,0.1
150,0,0,Inf,"{1,2,3}",-568.388888,OPT,0.2
150,0,0,Inf,"{4}",305.000000,OPT,0.0
150,0,0,Inf,"{1,4}",-526.277778,OPT,0.3
150,0,0,Inf,"{2,4}",-559.000000,OPT,0.1
150,0,0,Inf,"{1,2,4}",-568.388889,OPT,0.2
150,0,0,Inf,"{3,4}",291.277778,OPT,0.0
150,0,0,Inf,"{1,3,4}",-221.277778,OPT,0.3
150,0,0,Inf,"{2,3,4}",-254.000000,OPT,0.1
150,0,0,Inf,"{1,2,3,4}",-263.388889,OPT,0.3
0,0.3,0,Inf,"{}",0.000000,OPT,0.0
0,0.3,0,Inf,"{1}",-1194.500000,OPT,0.0
0,0.3,0,Inf,"{2}",-836.000000,OPT,0.0
0,0.3,0,Inf,"{1,2}",-889.500000,OPT,0.0
0,0.3,0,Inf,"{3}",305.000000,OPT,0.0
0,0.3,0,Inf,"{1,3}",-889.500000,OPT,0.0
0,0.3,0,Inf,"{2,3}",-531.000000,OPT,0.0
0,0.3,0,Inf,"{1,2,3}",-584.500000,OPT,0.0
0,0.3,0,Inf,"{4}",305.000000,OPT,0.0
0,0.3,0,Inf,"{1,4}",-889.500000,OPT,0.0
0,0.3,0,Inf,"{2,4}",-531.000000,OPT,0.0
0,0.3,0,Inf,"{1,2,4}",-584.500000,OPT,0.0
0,0.3,0,Inf,"{3,4}",610.000000,OPT,0.0
0,0.3,0,Inf,"{1,3,4}",-584.500000,OPT,0.0
0,0.3,0,Inf,"{2,3,4}",-226.000000,OPT,0.0
0,0.3,0,Inf,"{1,2,3,4}",-279.500000,OPT,0.0
150,0.3,0,Inf,"{}",0.000000,OPT,0.0
150,0.3,0,Inf,"{1}",-827.500000,OPT,0.2
150,0.3,0,Inf,"{2}",-836.000000,OPT,0.0
150,0.3,0,Inf,"{1,2}",-860.500000,OPT,0.2
150,0.3,0,Inf,"{3}",280.500000,OPT,0.0
150,0.3,0,Inf,"{1,3}",-522.500000,OPT,0.4
150,0.3,0,Inf,"{2,3}",-531.000000,OPT,0.1
150,0.3,0,Inf,"{1,2,3}",-555.500000,OPT,0.1
150,0.3,0,Inf,"{4}",305.000000,OPT,0.0
150,0.3,0,Inf,"{1,4}",-522.500000,OPT,0.2
150,0.3,0,Inf,"{2,4}",-531.000000,OPT,0.1
150,0.3,0,Inf,"{1,2,4}",-555.500000,OPT,0.3
150,0.3,0,Inf,"{3,4}",585.500000,OPT,0.0
150,0.3,0,Inf,"{1,3,4}",-217.500000,OPT,0.2
150,0.3,0,Inf,"{2,3,4}",-226.000000,OPT,0.1
150,0.3,0,Inf,"{1,2,3,4}",-250.499999,OPT,0.1
0,0.3,0.3,0.1,"{}",0.000000,OPT,0.0
0,0.3,0.3,0.1,"{1}",-1194.500000,OPT,0.0
0,0.3,0.3,0.1,"{2}",-836.000000,OPT,0.0
0,0.3,0.3,0.1,"{1,2}",-889.500000,OPT,0.0
0,0.3,0.3,0.1,"{3}",305.000000,OPT,0.0
0,0.3,0.3,0.1,"{1,3}",-889.500000,OPT,0.0
0,0.3,0.3,0.1,"{2,3}",-531.000000,OPT,0.0
0,0.3,0.3,0.1,"{1,2,3}",-584.500000,OPT,0.0
0,0.3,0.3,0.1,"{4}",305.000000,OPT,0.0
0,0.3,0.3,0.1,"{1,4}",-889.500000,OPT,0.0
0,0.3,0.3,0.1,"{2,4}",-531.000000,OPT,0.0
0,0.3,0.3,0.1,"{1,2,4}",-584.500000,OPT,0.0
0,0.3,0.3,0.1,"{3,4}",610.000000,OPT,0.0
0,0.3,0.3,0.1,"{1,3,4}",-584.500000,OPT,0.0
0,0.3,0.3,0.1,"{2,3,4}",-226.000000,OPT,0.0
0,0.3,0.3,0.1,"{1,2,3,4}",-279.500000,OPT,0.0
150,0.3,0.3,0.1,"{}",0.000000,OPT,0.0
150,0.3,0.3,0.1,"{1}",-478.500000,OPT,0.3
150,0.3,0.3,0.1,"{2}",-836.000000,OPT,0.1
150,0.3,0.3,0.1,"{1,2}",-860.500000,OPT,0.6
150,0.3,0.3,0.1,"{3}",280.500000,OPT,0.1
150,0.3,0.3,0.1,"{1,3}",-173.500000,OPT,0.5
150,0.3,0.3,0.1,"{2,3}",-531.000000,OPT,0.3
150,0.3,0.3,0.1,"{1,2,3}",-555.500000,OPT,0.6
150,0.3,0.3,0.1,"{4}",305.000000,OPT,0.1
150,0.3,0.3,0.1,"{1,4}",-173.500000,OPT,0.5
150,0.3,0.3,0.1,"{2,4}",-531.000000,OPT,0.2
150,0.3,0.3,0.1,"{1,2,4}",-555.500000,OPT,0.5
150,0.3,0.3,0.1,"{3,4}",585.500000,OPT,0.2
150,0.3,0.3,0.1,"{1,3,4}",131.500000,OPT,0.5
150,0.3,0.3,0.1,"{2,3,4}",-226.000000,OPT,0.1
150,0.3,0.3,0.1,"{1,2,3,4}",-250.500000,OPT,0.5
0,0.3,0.3,0.0,"{}",0.000000,OPT,0.0
0,0.3,0.3,0.0,"{1}",-1194.500000,OPT,0.0
0,0.3,0.3,0.0,"{2}",-836.000000,OPT,0.0
0,0.3,0.3,0.0,"{1,2}",-889.500000,OPT,0.0
0,0.3,0.3,0.0,"{3}",305.000000,OPT,0.0
0,0.3,0.3,0.0,"{1,3}",-889.500000,OPT,0.0
0,0.3,0.3,0.0,"{2,3}",-531.000000,OPT,0.1
0,0.3,0.3,0.0,"{1,2,3}",-584.500000,OPT,0.0
0,0.3,0.3,0.0,"{4}",305.000000,OPT,0.0
0,0.3,0.3,0.0,"{1,4}",-889.500000,OPT,0.0
0,0.3,0.3,0.0,"{2,4}",-531.000000,OPT,0.0
0,0.3,0.3,0.0,"{1,2,4}",-584.500000,OPT,0.0
0,0.3,0.3,0.0,"{3,4}",610.000000,OPT,0.0
0,0.3,0.3,0.0,"{1,3,4}",-584.500000,OPT,0.0
0,0.3,0.3,0.0,"{2,3,4}",-226.000000,OPT,0.0
0,0.3,0.3,0.0,"{1,2,3,4}",-279.500000,OPT,0.0
150,0.3,0.3,0.0,"{}",0.000000,OPT,0.0
150,0.3,0.3,0.0,"{1}",-478.500000,OPT,0.5
150,0.3,0.3,0.0,"{2}",-836.000000,OPT,0.1
150,0.3,0.3,0.0,"{1,2}",-865.083333,OPT,0.7
150,0.3,0.3,0.0,"{3}",280.500000,OPT,0.1
150,0.3,0.3,0.0,"{1,3}",-173.500000,OPT,0.6
150,0.3,0.3,0.0,"{2,3}",-531.000000,OPT,0.2
150,0.3,0.3,0.0,"{1,2,3}",-560.083333,OPT,1.1
150,0.3,0.3,0.0,"{4}",305.000000,OPT,0.1
150,0.3,0.3,0.0,"{1,4}",-173.500000,OPT,0.3
150,0.3,0.3,0.0,"{2,4}",-531.000000,OPT,0.2
150,0.3,0.3,0.0,"{1,2,4}",-560.083333,OPT,0.5
150,0.3,0.3,0.0,"{3,4}",585.500000,OPT,0.1
150,0.3,0.3,0.0,"{1,3,4}",131.500000,OPT,0.6
150,0.3,0.3,0.0,"{2,3,4}",-226.000000,OPT,0.1
150,0.3,0.3,0.0,"{1,2,3,4}",-255.083333,OPT,1.1
0,0.3,0.3,Inf,"{}",0.000000,OPT,0.0
0,0.3,0.3,Inf,"{1}",-1194.500000,OPT,0.0
0,0.3,0.3,Inf,"{2}",-836.000000,OPT,0.0
0,0.3,0.3,Inf,"{1,2}",-889.500000,OPT,0.0
0,0.3,0.3,Inf,"{3}",305.000000,OPT,0.0
0,0.3,0.3,Inf,"{1,3}",-889.500000,OPT,0.0
0,0.3,0.3,Inf,"{2,3}",-531.000000,OPT,0.0
0,0.3,0.3,Inf,"{1,2,3}",-584.500000,OPT,0.0
0,0.3,0.3,Inf,"{4}",305.000000,OPT,0.0
0,0.3,0.3,Inf,"{1,4}",-889.500000,OPT,0.0
0,0.3,0.3,Inf,"{2,4}",-531.000000,OPT,0.0
0,0.3,0.3,Inf,"{1,2,4}",-584.500000,OPT,0.0
0,0.3,0.3,Inf,"{3,4}",610.000000,OPT,0.0
0,0.3,0.3,Inf,"{1,3,4}",-584.500000,OPT,0.0
0,0.3,0.3,Inf,"{2,3,4}",-226.000000,OPT,0.0
0,0.3,0.3,Inf,"{1,2,3,4}",-279.500000,OPT,0.0
150,0.3,0.3,Inf,"{}",0.000000,OPT,0.0
150,0.3,0.3,Inf,"{1}",-478.500000,OPT,0.3
150,0.3,0.3,Inf,"{2}",-836.000000,OPT,0.1
150,0.3,0.3,Inf,"{1,2}",-827.000000,OPT,0.5
150,0.3,0.3,Inf,"{3}",280.500004,OPT,0.1
150,0.3,0.3,Inf,"{1,3}",-173.500000,OPT,0.5
150,0.3,0.3,Inf,"{2,3}",-531.000000,OPT,0.2
150,0.3,0.3,Inf,"{1,2,3}",-522.000000,OPT,0.5
150,0.3,0.3,Inf,"{4}",305.000000,OPT,0.1
150,0.3,0.3,Inf,"{1,4}",-173.500000,OPT,0.4
150,0.3,0.3,Inf,"{2,4}",-531.000000,OPT,0.2
150,0.3,0.3,Inf,"{1,2,4}",-522.000000,OPT,0.9
150,0.3,0.3,Inf,"{3,4}",585.500002,OPT,0.2
150,0.3,0.3,Inf,"{1,3,4}",131.500000,OPT,0.4
150,0.3,0.3,Inf,"{2,3,4}",-226.000000,OPT,0.1
150,0.3,0.3,Inf,"{1,2,3,4}",-217.000000,OPT,0.7
150,0.3,0.1,0.0,"{}",0.000000,OPT,0.0
150,0.3,0.1,0.0,"{1}",-829.861111,OPT,0.2
150,0.3,0.1,0.0,"{2}",-853.500000,OPT,0.0
150,0.3,0.1,0.0,"{1,2}",-868.555556,OPT,0.3
150,0.3,0.1,0.0,"{3}",280.500000,OPT,0.1
150,0.3,0.1,0.0,"{1,3}",-524.861111,OPT,2.3
150,0.3,0.1,0.0,"{2,3}",-548.500000,OPT,0.1
150,0.3,0.1,0.0,"{1,2,3}",-563.555556,OPT,0.7
150,0.3,0.1,0.0,"{4}",305.000000,OPT,0.0
150,0.3,0.1,0.0,"{1,4}",-524.861111,OPT,0.3
150,0.3,0.1,0.0,"{2,4}",-548.500000,OPT,0.1
150,0.3,0.1,0.0,"{1,2,4}",-563.555556,OPT,0.6
150,0.3,0.1,0.0,"{3,4}",585.500000,OPT,0.1
150,0.3,0.1,0.0,"{1,3,4}",-219.861111,OPT,19.4
150,0.3,0.1,0.0,"{2,3,4}",-243.500000,OPT,0.1
150,0.3,0.1,0.0,"{1,2,3,4}",-258.555549,OPT,0.4
150,0.3,0.1,0.05,"{}",0.000000,OPT,0.0
150,0.3,0.1,0.05,"{1}",-829.152778,OPT,0.3
150,0.3,0.1,0.05,"{2}",-848.250000,OPT,0.0
150,0.3,0.1,0.05,"{1,2}",-866.138886,OPT,0.3
150,0.3,0.1,0.05,"{3}",280.500000,OPT,0.1
150,0.3,0.1,0.05,"{1,3}",-524.152778,OPT,1.1
150,0.3,0.1,0.05,"{2,3}",-543.250000,OPT,0.1
150,0.3,0.1,0.05,"{1,2,3}",-561.138888,OPT,0.6
150,0.3,0.1,0.05,"{4}",305.000000,OPT,0.0
150,0.3,0.1,0.05,"{1,4}",-524.152778,OPT,0.2
150,0.3,0.1,0.05,"{2,4}",-543.249914,OPT,0.1
150,0.3,0.1,0.05,"{1,2,4}",-561.138888,OPT,0.4
150,0.3,0.1,0.05,"{3,4}",585.500000,OPT,0.1
150,0.3,0.1,0.05,"{1,3,4}",-219.152778,OPT,3.6
150,0.3,0.1,0.05,"{2,3,4}",-238.250000,OPT,0.2
150,0.3,0.1,0.05,"{1,2,3,4}",-256.138889,OPT,0.6
150,0.3,0.1,0.1,"{}",0.000000,OPT,0.0
150,0.3,0.1,0.1,"{1}",-828.444444,OPT,6.8
150,0.3,0.1,0.1,"{2}",-843.000000,OPT,0.0
150,0.3,0.1,0.1,"{1,2}",-863.722222,OPT,0.7
150,0.3,0.1,0.1,"{3}",280.500000,OPT,0.1
150,0.3,0.1,0.1,"{1,3}",-523.444444,OPT,0.8
150,0.3,0.1,0.1,"{2,3}",-538.000000,OPT,0.1
150,0.3,0.1,0.1,"{1,2,3}",-558.722222,OPT,0.4
150,0.3,0.1,0.1,"{4}",305.000000,OPT,0.0
150,0.3,0.1,0.1,"{1,4}",-523.444444,OPT,1.2
150,0.3,0.1,0.1,"{2,4}",-537.999957,OPT,0.1
150,0.3,0.1,0.1,"{1,2,4}",-558.722222,OPT,0.4
150,0.3,0.1,0.1,"{3,4}",585.500000,OPT,0.1
150,0.3,0.1,0.1,"{1,3,4}",-218.444444,OPT,2.5
150,0.3,0.1,0.1,"{2,3,4}",-233.000000,OPT,0.1
150,0.3,0.1,0.1,"{1,2,3,4}",-253.722222,OPT,0.8
150,0.3,0.1,0.15,"{}",0.000000,OPT,0.0
150,0.3,0.1,0.15,"{1}",-827.736111,OPT,0.2
150,0.3,0.1,0.15,"{2}",-837.750000,OPT,0.0
150,0.3,0.1,0.15,"{1,2}",-861.305556,OPT,0.4
150,0.3,0.1,0.15,"{3}",280.500000,OPT,0.1
150,0.3,0.1,0.15,"{1,3}",-522.736111,OPT,14.8
150,0.3,0.1,0.15,"{2,3}",-532.750000,OPT,0.1
150,0.3,0.1,0.15,"{1,2,3}",-556.305555,OPT,1.5
150,0.3,0.1,0.15,"{4}",305.000000,OPT,0.0
150,0.3,0.1,0.15,"{1,4}",-522.736111,OPT,1.5
150,0.3,0.1,0.15,"{2,4}",-532.750000,OPT,0.1
150,0.3,0.1,0.15,"{1,2,4}",-556.305556,OPT,0.5
150,0.3,0.1,0.15,"{3,4}",585.500000,OPT,0.1
150,0.3,0.1,0.15,"{1,3,4}",-217.736111,OPT,19.6
150,0.3,0.1,0.15,"{2,3,4}",-227.750000,OPT,0.3
150,0.3,0.1,0.15,"{1,2,3,4}",-251.305555,OPT,1.6
150,0.3,0.1,0.2,"{}",0.000000,OPT,0.0
150,0.3,0.1,0.2,"{1}",-827.499999,OPT,0.8
150,0.3,0.1,0.2,"{2}",-836.000000,OPT,0.1
150,0.3,0.1,0.2,"{1,2}",-860.500000,OPT,0.8
150,0.3,0.1,0.2,"{3}",280.500000,OPT,0.2
150,0.3,0.1,0.2,"{1,3}",-522.500000,OPT,11.1
150,0.3,0.1,0.2,"{2,3}",-531.000000,OPT,0.2
150,0.3,0.1,0.2,"{1,2,3}",-555.500000,OPT,0.8
150,0.3,0.1,0.2,"{4}",305.000000,OPT,0.0
150,0.3,0.1,0.2,"{1,4}",-522.500000,OPT,0.9
150,0.3,0.1,0.2,"{2,4}",-531.000000,OPT,0.2
150,0.3,0.1,0.2,"{1,2,4}",-555.499999,OPT,1.1
150,0.3,0.1,0.2,"{3,4}",585.500000,OPT,0.2
150,0.3,0.1,0.2,"{1,3,4}",-217.500000,OPT,8.0
150,0.3,0.1,0.2,"{2,3,4}",-226.000000,OPT,0.3
150,0.3,0.1,0.2,"{1,2,3,4}",-250.500000,OPT,1.5
150,0.3,0.1,0.25,"{}",0.000000,OPT,0.1
150,0.3,0.1,0.25,"{1}",-827.500000,OPT,0.7
150,0.3,0.1,0.25,"{2}",-836.000000,OPT,0.1
150,0.3,0.1,0.25,"{1,2}",-860.500000,OPT,0.7
150,0.3,0.1,0.25,"{3}",280.500001,OPT,0.1
150,0.3,0.1,0.25,"{1,3}",-522.500000,OPT,9.4
150,0.3,0.1,0.25,"{2,3}",-531.000000,OPT,0.2
150,0.3,0.1,0.25,"{1,2,3}",-555.500000,OPT,0.7
150,0.3,0.1,0.25,"{4}",305.000000,OPT,0.0
150,0.3,0.1,0.25,"{1,4}",-522.500000,OPT,1.2
150,0.3,0.1,0.25,"{2,4}",-531.000000,OPT,0.2
150,0.3,0.1,0.25,"{1,2,4}",-555.500000,OPT,1.1
150,0.3,0.1,0.25,"{3,4}",585.500002,OPT,0.2
150,0.3,0.1,0.25,"{1,3,4}",-217.500000,OPT,4.2
150,0.3,0.1,0.25,"{2,3,4}",-226.000000,OPT,0.3
150,0.3,0.1,0.25,"{1,2,3,4}",-250.500000,OPT,1.8
150,0.3,0.1,0.3,"{}",0.000000,OPT,0.0
150,0.3,0.1,0.3,"{1}",-827.499999,OPT,0.8
150,0.3,0.1,0.3,"{2}",-836.000000,OPT,0.1
150,0.3,0.1,0.3,"{1,2}",-860.500000,OPT,0.7
150,0.3,0.1,0.3,"{3}",280.500001,OPT,0.2
150,0.3,0.1,0.3,"{1,3}",-522.500000,OPT,3.2
150,0.3,0.1,0.3,"{2,3}",-531.000000,OPT,0.2
150,0.3,0.1,0.3,"{1,2,3}",-555.499999,OPT,1.5
150,0.3,0.1,0.3,"{4}",305.000000,OPT,0.0
150,0.3,0.1,0.3,"{1,4}",-522.500000,OPT,4.7
150,0.3,0.1,0.3,"{2,4}",-531.000000,OPT,0.2
150,0.3,0.1,0.3,"{1,2,4}",-555.499999,OPT,1.3
150,0.3,0.1,0.3,"{3,4}",585.500002,OPT,0.2
150,0.3,0.1,0.3,"{1,3,4}",-217.500000,OPT,3.0
150,0.3,0.1,0.3,"{2,3,4}",-226.000000,OPT,0.2
150,0.3,0.1,0.3,"{1,2,3,4}",-250.500000,OPT,0.9
150,0.3,0.1,Inf,"{}",0.000000,OPT,0.0
150,0.3,0.1,Inf,"{1}",-827.500000,OPT,1.0
150,0.3,0.1,Inf,"{2}",-836.000000,OPT,0.1
150,0.3,0.1,Inf,"{1,2}",-860.500000,OPT,0.9
150,0.3,0.1,Inf,"{3}",280.500000,OPT,0.2
150,0.3,0.1,Inf,"{1,3}",-522.500000,OPT,6.7
150,0.3,0.1,Inf,"{2,3}",-531.000000,OPT,0.1
150,0.3,0.1,Inf,"{1,2,3}",-555.500000,OPT,0.4
150,0.3,0.1,Inf,"{4}",305.000000,OPT,0.0
150,0.3,0.1,Inf,"{1,4}",-522.500000,OPT,0.4
150,0.3,0.1,Inf,"{2,4}",-531.000000,OPT,0.1
150,0.3,0.1,Inf,"{1,2,4}",-555.500000,OPT,1.0
150,0.3,0.1,Inf,"{3,4}",585.500002,OPT,0.1
150,0.3,0.1,Inf,"{1,3,4}",-217.500000,OPT,1.9
150,0.3,0.1,Inf,"{2,3,4}",-226.000000,OPT,0.1
150,0.3,0.1,Inf,"{1,2,3,4}",-250.499993,OPT,0.4
150,0.3,0.2,0.0,"{}",0.000000,OPT,0.0
150,0.3,0.2,0.0,"{1}",-828.444444,OPT,1.5
150,0.3,0.2,0.0,"{2}",-843.000000,OPT,0.1
150,0.3,0.2,0.0,"{1,2}",-865.865000,OPT,0.6
150,0.3,0.2,0.0,"{3}",280.500000,OPT,0.1
150,0.3,0.2,0.0,"{1,3}",-523.444444,OPT,4.1
150,0.3,0.2,0.0,"{2,3}",-538.000000,OPT,0.2
150,0.3,0.2,0.0,"{1,2,3}",-560.865000,OPT,0.5
150,0.3,0.2,0.0,"{4}",305.000000,OPT,0.1
150,0.3,0.2,0.0,"{1,4}",-523.444444,OPT,1.1
150,0.3,0.2,0.0,"{2,4}",-538.000000,OPT,0.2
150,0.3,0.2,0.0,"{1,2,4}",-560.864999,OPT,1.4
150,0.3,0.2,0.0,"{3,4}",585.500000,OPT,0.6
150,0.3,0.2,0.0,"{1,3,4}",-218.444442,OPT,7.4
150,0.3,0.2,0.0,"{2,3,4}",-233.000000,OPT,0.8
150,0.3,0.2,0.0,"{1,2,3,4}",-255.865000,OPT,2.1
150,0.3,0.2,0.05,"{}",0.000000,OPT,0.0
150,0.3,0.2,0.05,"{1}",-827.736111,OPT,10.7
150,0.3,0.2,0.05,"{2}",-837.750000,OPT,0.2
150,0.3,0.2,0.05,"{1,2}",-863.448326,OPT,2.8
150,0.3,0.2,0.05,"{3}",280.500000,OPT,0.2
150,0.3,0.2,0.05,"{1,3}",-522.736111,OPT,3.9
150,0.3,0.2,0.05,"{2,3}",-532.750000,OPT,0.9
150,0.3,0.2,0.05,"{1,2,3}",-558.448333,OPT,1.8
150,0.3,0.2,0.05,"{4}",305.000000,OPT,0.1
150,0.3,0.2,0.05,"{1,4}",-522.736111,OPT,22.5
150,0.3,0.2,0.05,"{2,4}",-532.750000,OPT,0.3
150,0.3,0.2,0.05,"{1,2,4}",-558.448333,OPT,2.0
150,0.3,0.2,0.05,"{3,4}",585.500000,OPT,0.5
150,0.3,0.2,0.05,"{1,3,4}",-217.736111,OPT,22.8
150,0.3,0.2,0.05,"{2,3,4}",-227.750000,OPT,0.6
150,0.3,0.2,0.05,"{1,2,3,4}",-253.448333,OPT,1.9
150,0.3,0.2,0.1,"{}",0.000000,OPT,0.0
150,0.3,0.2,0.1,"{1}",-827.499999,OPT,3.7
150,0.3,0.2,0.1,"{2}",-836.000000,OPT,0.3
150,0.3,0.2,0.1,"{1,2}",-861.031666,OPT,1.2
150,0.3,0.2,0.1,"{3}",280.500000,OPT,0.3
150,0.3,0.2,0.1,"{1,3}",-522.500000,OPT,1.8
150,0.3,0.2,0.1,"{2,3}",-531.000000,OPT,0.6
150,0.3,0.2,0.1,"{1,2,3}",-556.031666,OPT,2.0
150,0.3,0.2,0.1,"{4}",305.000000,OPT,0.2
150,0.3,0.2,0.1,"{1,4}",-522.500000,OPT,1.9
150,0.3,0.2,0.1,"{2,4}",-531.000000,OPT,0.4
150,0.3,0.2,0.1,"{1,2,4}",-556.031667,OPT,2.0
150,0.3,0.2,0.1,"{3,4}",585.500000,OPT,0.3
150,0.3,0.2,0.1,"{1,3,4}",-217.500000,OPT,2.1
150,0.3,0.2,0.1,"{2,3,4}",-226.000000,OPT,0.4
150,0.3,0.2,0.1,"{1,2,3,4}",-251.031667,OPT,2.5
150,0.3,0.2,0.15,"{}",0.000000,OPT,0.0
150,0.3,0.2,0.15,"{1}",-827.500000,OPT,1.6
150,0.3,0.2,0.15,"{2}",-836.000000,OPT,0.2
150,0.3,0.2,0.15,"{1,2}",-860.500000,OPT,0.7
150,0.3,0.2,0.15,"{3}",280.500000,OPT,0.2
150,0.3,0.2,0.15,"{1,3}",-522.500000,OPT,3.3
150,0.3,0.2,0.15,"{2,3}",-531.000000,OPT,0.5
150,0.3,0.2,0.15,"{1,2,3}",-555.500000,OPT,1.4
150,0.3,0.2,0.15,"{4}",305.000000,OPT,0.2
150,0.3,0.2,0.15,"{1,4}",-522.500000,OPT,1.3
150,0.3,0.2,0.15,"{2,4}",-531.000000,OPT,0.3
150,0.3,0.2,0.15,"{1,2,4}",-555.500000,OPT,2.3
150,0.3,0.2,0.15,"{3,4}",585.500000,OPT,0.4
150,0.3,0.2,0.15,"{1,3,4}",-217.500000,OPT,12.8
150,0.3,0.2,0.15,"{2,3,4}",-226.000000,OPT,0.8
150,0.3,0.2,0.15,"{1,2,3,4}",-250.500000,OPT,2.2
150,0.3,0.2,0.2,"{}",0.000000,OPT,0.0
150,0.3,0.2,0.2,"{1}",-827.500000,OPT,17.2
150,0.3,0.2,0.2,"{2}",-836.000000,OPT,0.3
150,0.3,0.2,0.2,"{1,2}",-860.500000,OPT,1.5
150,0.3,0.2,0.2,"{3}",280.500000,OPT,0.3
150,0.3,0.2,0.2,"{1,3}",-522.500000,OPT,3.2
150,0.3,0.2,0.2,"{2,3}",-531.000000,OPT,0.7
150,0.3,0.2,0.2,"{1,2,3}",-555.500000,OPT,2.5
150,0.3,0.2,0.2,"{4}",305.000000,OPT,0.2
150,0.3,0.2,0.2,"{1,4}",-522.500000,OPT,5.9
150,0.3,0.2,0.2,"{2,4}",-531.000000,OPT,0.3
150,0.3,0.2,0.2,"{1,2,4}",-555.500000,OPT,1.0
150,0.3,0.2,0.2,"{3,4}",585.500000,OPT,0.5
150,0.3,0.2,0.2,"{1,3,4}",-217.500000,OPT,38.4
150,0.3,0.2,0.2,"{2,3,4}",-226.000000,OPT,1.1
150,0.3,0.2,0.2,"{1,2,3,4}",-250.500000,OPT,1.5
150,0.3,0.2,0.25,"{}",0.000000,OPT,0.0
150,0.3,0.2,0.25,"{1}",-827.500000,OPT,3.3
150,0.3,0.2,0.25,"{2}",-836.000000,OPT,0.2
150,0.3,0.2,0.25,"{1,2}",-860.499997,OPT,0.8
150,0.3,0.2,0.25,"{3}",280.500001,OPT,0.2
150,0.3,0.2,0.25,"{1,3}",-522.500000,OPT,4.4
150,0.3,0.2,0.25,"{2,3}",-531.000000,OPT,0.6
150,0.3,0.2,0.25,"{1,2,3}",-555.500000,OPT,2.3
150,0.3,0.2,0.25,"{4}",305.000000,OPT,0.1
150,0.3,0.2,0.25,"{1,4}",-522.500000,OPT,0.7
150,0.3,0.2,0.25,"{2,4}",-531.000000,OPT,0.7
150,0.3,0.2,0.25,"{1,2,4}",-555.500000,OPT,0.9
150,0.3,0.2,0.25,"{3,4}",585.500002,OPT,0.7
150,0.3,0.2,0.25,"{1,3,4}",-217.500000,OPT,2.4
150,0.3,0.2,0.25,"{2,3,4}",-226.000000,OPT,0.6
150,0.3,0.2,0.25,"{1,2,3,4}",-250.500000,OPT,1.1
150,0.3,0.2,0.3,"{}",0.000000,OPT,0.1
150,0.3,0.2,0.3,"{1}",-827.499999,OPT,1.6
150,0.3,0.2,0.3,"{2}",-836.000000,OPT,0.2
150,0.3,0.2,0.3,"{1,2}",-860.500000,OPT,1.1
150,0.3,0.2,0.3,"{3}",280.500001,OPT,0.2
150,0.3,0.2,0.3,"{1,3}",-522.500000,OPT,2.3
150,0.3,0.2,0.3,"{2,3}",-531.000000,OPT,0.3
150,0.3,0.2,0.3,"{1,2,3}",-555.500000,OPT,1.6
150,0.3,0.2,0.3,"{4}",305.000000,OPT,0.2
150,0.3,0.2,0.3,"{1,4}",-522.500000,OPT,1.0
150,0.3,0.2,0.3,"{2,4}",-531.000000,OPT,0.4
150,0.3,0.2,0.3,"{1,2,4}",-555.499982,OPT,1.1
150,0.3,0.2,0.3,"{3,4}",585.500002,OPT,0.5
150,0.3,0.2,0.3,"{1,3,4}",-217.500000,OPT,37.6
150,0.3,0.2,0.3,"{2,3,4}",-226.000000,OPT,0.6
150,0.3,0.2,0.3,"{1,2,3,4}",-250.500000,OPT,1.0
150,0.3,0.2,0.4,"{}",0.000000,OPT,0.0
150,0.3,0.2,0.4,"{1}",-827.499999,OPT,2.0
150,0.3,0.2,0.4,"{2}",-836.000000,OPT,0.2
150,0.3,0.2,0.4,"{1,2}",-860.499997,OPT,0.9
150,0.3,0.2,0.4,"{3}",280.500001,OPT,0.2
150,0.3,0.2,0.4,"{1,3}",-522.500000,OPT,6.7
150,0.3,0.2,0.4,"{2,3}",-531.000000,OPT,0.3
150,0.3,0.2,0.4,"{1,2,3}",-555.499982,OPT,3.3
150,0.3,0.2,0.4,"{4}",305.000000,OPT,0.2
150,0.3,0.2,0.4,"{1,4}",-522.500000,OPT,1.2
150,0.3,0.2,0.4,"{2,4}",-531.000000,OPT,0.5
150,0.3,0.2,0.4,"{1,2,4}",-555.499982,OPT,1.2
150,0.3,0.2,0.4,"{3,4}",585.500001,OPT,0.4
150,0.3,0.2,0.4,"{1,3,4}",-217.500000,OPT,7.7
150,0.3,0.2,0.4,"{2,3,4}",-226.000000,OPT,0.5
150,0.3,0.2,0.4,"{1,2,3,4}",-250.500000,OPT,1.2
150,0.3,0.2,Inf,"{}",0.000000,OPT,0.0
150,0.3,0.2,Inf,"{1}",-827.499999,OPT,0.9
150,0.3,0.2,Inf,"{2}",-836.000000,OPT,0.1
150,0.3,0.2,Inf,"{1,2}",-860.500000,OPT,0.3
150,0.3,0.2,Inf,"{3}",280.500000,OPT,0.1
150,0.3,0.2,Inf,"{1,3}",-522.500000,OPT,2.4
150,0.3,0.2,Inf,"{2,3}",-531.000000,OPT,0.2
150,0.3,0.2,Inf,"{1,2,3}",-555.500000,OPT,1.0
150,0.3,0.2,Inf,"{4}",305.000000,OPT,0.1
150,0.3,0.2,Inf,"{1,4}",-522.500000,OPT,1.4
150,0.3,0.2,Inf,"{2,4}",-531.000000,OPT,0.2
150,0.3,0.2,Inf,"{1,2,4}",-555.499968,OPT,3.2
150,0.3,0.2,Inf,"{3,4}",585.500001,OPT,0.1
150,0.3,0.2,Inf,"{1,3,4}",-217.500000,OPT,2.5
150,0.3,0.2,Inf,"{2,3,4}",-226.000000,OPT,0.2
150,0.3,0.2,Inf,"{1,2,3,4}",-250.500000,OPT,1.1
150,0.3,0.3,0.05,"{}",0.000000,OPT,0.0
150,0.3,0.3,0.05,"{1}",-478.500000,OPT,0.4
150,0.3,0.3,0.05,"{2}",-836.000000,OPT,0.1
150,0.3,0.3,0.05,"{1,2}",-861.418333,OPT,0.5
150,0.3,0.3,0.05,"{3}",280.500000,OPT,0.1
150,0.3,0.3,0.05,"{1,3}",-173.500000,OPT,0.6
150,0.3,0.3,0.05,"{2,3}",-531.000000,OPT,0.2
150,0.3,0.3,0.05,"{1,2,3}",-556.418333,OPT,0.7
150,0.3,0.3,0.05,"{4}",305.000000,OPT,0.0
150,0.3,0.3,0.05,"{1,4}",-173.500000,OPT,0.4
150,0.3,0.3,0.05,"{2,4}",-531.000000,OPT,0.2
150,0.3,0.3,0.05,"{1,2,4}",-556.418333,OPT,0.9
150,0.3,0.3,0.05,"{3,4}",585.500000,OPT,0.1
150,0.3,0.3,0.05,"{1,3,4}",131.500000,OPT,0.4
150,0.3,0.3,0.05,"{2,3,4}",-226.000000,OPT,0.1
150,0.3,0.3,0.05,"{1,2,3,4}",-251.418333,OPT,0.9
150,0.3,0.3,0.15,"{}",0.000000,OPT,0.0
150,0.3,0.3,0.15,"{1}",-478.500000,OPT,0.5
150,0.3,0.3,0.15,"{2}",-836.000000,OPT,0.1
150,0.3,0.3,0.15,"{1,2}",-860.032407,OPT,0.4
150,0.3,0.3,0.15,"{3}",280.500000,OPT,0.1
150,0.3,0.3,0.15,"{1,3}",-173.500000,OPT,0.4
150,0.3,0.3,0.15,"{2,3}",-531.000000,OPT,0.2
150,0.3,0.3,0.15,"{1,2,3}",-555.032407,OPT,1.0
150,0.3,0.3,0.15,"{4}",305.000000,OPT,0.1
150,0.3,0.3,0.15,"{1,4}",-173.500000,OPT,0.5
150,0.3,0.3,0.15,"{2,4}",-531.000000,OPT,0.2
150,0.3,0.3,0.15,"{1,2,4}",-555.032407,OPT,1.1
150,0.3,0.3,0.15,"{3,4}",585.500000,OPT,0.2
150,0.3,0.3,0.15,"{1,3,4}",131.500000,OPT,0.5
150,0.3,0.3,0.15,"{2,3,4}",-226.000000,OPT,0.1
150,0.3,0.3,0.15,"{1,2,3,4}",-250.032407,OPT,0.7
150,0.3,0.3,0.2,"{}",0.000000,OPT,0.0
150,0.3,0.3,0.2,"{1}",-478.500000,OPT,0.4
150,0.3,0.3,0.2,"{2}",-836.000000,OPT,0.1
150,0.3,0.3,0.2,"{1,2}",-854.824074,OPT,0.3
150,0.3,0.3,0.2,"{3}",280.500000,OPT,0.1
150,0.3,0.3,0.2,"{1,3}",-173.500000,OPT,0.7
150,0.3,0.3,0.2,"{2,3}",-531.000000,OPT,0.2
150,0.3,0.3,0.2,"{1,2,3}",-549.824074,OPT,0.6
150,0.3,0.3,0.2,"{4}",305.000000,OPT,0.1
150,0.3,0.3,0.2,"{1,4}",-173.500000,OPT,0.8
150,0.3,0.3,0.2,"{2,4}",-531.000000,OPT,0.2
150,0.3,0.3,0.2,"{1,2,4}",-549.824074,OPT,1.5
150,0.3,0.3,0.2,"{3,4}",585.500000,OPT,0.1
150,0.3,0.3,0.2,"{1,3,4}",131.500000,OPT,0.5
150,0.3,0.3,0.2,"{2,3,4}",-226.000000,OPT,0.1
150,0.3,0.3,0.2,"{1,2,3,4}",-244.824074,OPT,1.1
150,0.3,0.3,0.25,"{}",0.000000,OPT,0.0
150,0.3,0.3,0.25,"{1}",-478.500000,OPT,0.4
150,0.3,0.3,0.25,"{2}",-836.000000,OPT,0.1
150,0.3,0.3,0.25,"{1,2}",-849.615741,OPT,0.3
150,0.3,0.3,0.25,"{3}",280.500001,OPT,0.1
150,0.3,0.3,0.25,"{1,3}",-173.500000,OPT,0.6
150,0.3,0.3,0.25,"{2,3}",-531.000000,OPT,0.2
150,0.3,0.3,0.25,"{1,2,3}",-544.615741,OPT,0.7
150,0.3,0.3,0.25,"{4}",305.000000,OPT,0.1
150,0.3,0.3,0.25,"{1,4}",-173.500000,OPT,0.4
150,0.3,0.3,0.25,"{2,4}",-531.000000,OPT,0.2
150,0.3,0.3,0.25,"{1,2,4}",-544.615741,OPT,1.3
150,0.3,0.3,0.25,"{3,4}",585.500001,OPT,0.1
150,0.3,0.3,0.25,"{1,3,4}",131.500000,OPT,0.8
150,0.3,0.3,0.25,"{2,3,4}",-226.000000,OPT,0.1
150,0.3,0.3,0.25,"{1,2,3,4}",-239.615741,OPT,1.1
150,0.3,0.3,0.3,"{}",0.000000,OPT,0.0
150,0.3,0.3,0.3,"{1}",-478.500000,OPT,0.5
150,0.3,0.3,0.3,"{2}",-836.000000,OPT,0.1
150,0.3,0.3,0.3,"{1,2}",-844.407407,OPT,0.4
150,0.3,0.3,0.3,"{3}",280.500001,OPT,0.1
150,0.3,0.3,0.3,"{1,3}",-173.500000,OPT,0.5
150,0.3,0.3,0.3,"{2,3}",-531.000000,OPT,0.2
150,0.3,0.3,0.3,"{1,2,3}",-539.407407,OPT,0.9
150,0.3,0.3,0.3,"{4}",305.000000,OPT,0.1
150,0.3,0.3,0.3,"{1,4}",-173.500000,OPT,0.9
150,0.3,0.3,0.3,"{2,4}",-531.000000,OPT,0.2
150,0.3,0.3,0.3,"{1,2,4}",-539.407407,OPT,1.2
150,0.3,0.3,0.3,"{3,4}",585.500001,OPT,0.4
150,0.3,0.3,0.3,"{1,3,4}",131.500000,OPT,1.6
150,0.3,0.3,0.3,"{2,3,4}",-226.000000,OPT,0.3
150,0.3,0.3,0.3,"{1,2,3,4}",-234.407407,OPT,1.0
150,0.3,0.3,0.4,"{}",0.000000,OPT,0.0
150,0.3,0.3,0.4,"{1}",-478.500000,OPT,0.6
150,0.3,0.3,0.4,"{2}",-836.000000,OPT,0.3
150,0.3,0.3,0.4,"{1,2}",-833.990741,OPT,1.4
150,0.3,0.3,0.4,"{3}",280.500001,OPT,0.3
150,0.3,0.3,0.4,"{1,3}",-173.500000,OPT,1.1
150,0.3,0.3,0.4,"{2,3}",-531.000000,OPT,0.5
150,0.3,0.3,0.4,"{1,2,3}",-528.990741,OPT,1.4
150,0.3,0.3,0.4,"{4}",305.000000,OPT,0.2
150,0.3,0.3,0.4,"{1,4}",-173.500000,OPT,1.0
150,0.3,0.3,0.4,"{2,4}",-531.000000,OPT,0.6
150,0.3,0.3,0.4,"{1,2,4}",-528.990741,OPT,1.5
150,0.3,0.3,0.4,"{3,4}",585.500002,OPT,0.6
150,0.3,0.3,0.4,"{1,3,4}",131.500000,OPT,1.5
150,0.3,0.3,0.4,"{2,3,4}",-226.000000,OPT,0.7
150,0.3,0.3,0.4,"{1,2,3,4}",-223.990741,OPT,1.2
150,0.3,0.3,0.5,"{}",0.000000,OPT,0.0
150,0.3,0.3,0.5,"{1}",-478.500000,OPT,1.0
150,0.3,0.3,0.5,"{2}",-836.000000,OPT,0.3
150,0.3,0.3,0.5,"{1,2}",-827.000000,OPT,2.2
150,0.3,0.3,0.5,"{3}",280.500001,OPT,0.3
150,0.3,0.3,0.5,"{1,3}",-173.500000,OPT,1.2
150,0.3,0.3,0.5,"{2,3}",-531.000000,OPT,0.6
150,0.3,0.3,0.5,"{1,2,3}",-522.000000,OPT,2.2
150,0.3,0.3,0.5,"{4}",305.000000,OPT,0.2
150,0.3,0.3,0.5,"{1,4}",-173.500000,OPT,1.2
150,0.3,0.3,0.5,"{2,4}",-531.000000,OPT,0.4
150,0.3,0.3,0.5,"{1,2,4}",-522.000000,OPT,1.4
150,0.3,0.3,0.5,"{3,4}",585.500002,OPT,0.3
150,0.3,0.3,0.5,"{1,3,4}",131.500000,OPT,1.8
150,0.3,0.3,0.5,"{2,3,4}",-226.000000,OPT,0.3
150,0.3,0.3,0.5,"{1,2,3,4}",-217.000000,OPT,1.6
