t_end,tid,ncons,grb,bariter,status
1.791634834318977e9,15,33476,0.37808799743652344,49,OPTIMAL
1.791634834494625e9,3,36231,0.72464919090271,0,OPTIMAL
1.791634837666688e9,15,38476,2.329840898513794,67,OPTIMAL
1.791634839975545e9,15,43476,2.233099937438965,67,OPTIMAL
1.791634842819601e9,15,45740,2.7459540367126465,69,OPTIMAL
1.791634845773755e9,15,46842,2.9316670894622803,69,OPTIMAL
1.791634848910138e9,15,47227,3.1176209449768066,71,OPTIMAL
1.791634852084358e9,15,47422,3.1548728942871094,72,OPTIMAL
1.791634854973497e9,15,47517,2.8132989406585693,66,OPTIMAL
1.791634858454515e9,15,47583,3.464568853378296,75,OPTIMAL
1.791634861941384e9,15,47636,3.3348019123077393,72,OPTIMAL
1.791634865235192e9,15,47708,3.278599977493286,68,OPTIMAL
1.791634868726747e9,15,47738,3.475829839706421,75,OPTIMAL
1.791634872765639e9,15,47752,3.692728042602539,78,OPTIMAL
1.791634876324828e9,15,47758,3.5433080196380615,76,OPTIMAL
1.791634878050833e9,15,36231,1.0084660053253174,0,OPTIMAL
1.791634888262723e9,15,47758,10.13828992843628,66,OPTIMAL
1.791634889169897e9,15,36231,0.1416330337524414,0,OPTIMAL
1.791634893631252e9,8,47758,8.624698877334595,73,OPTIMAL
1.791634896280691e9,8,36231,2.0364410877227783,0,OPTIMAL
1.791634897407506e9,3,36231,0.3923909664154053,0,OPTIMAL
1.791634897873563e9,3,36231,0.44043684005737305,0,OPTIMAL
1.791634899449783e9,15,49336,10.264117956161499,65,OPTIMAL
1.79163489957974e9,5,47758,6.050015926361084,66,OPTIMAL
1.791634899961733e9,15,36231,0.4772188663482666,0,OPTIMAL
1.791634901231028e9,5,36231,0.8272948265075684,0,OPTIMAL
1.791634906264562e9,8,48531,9.973859071731567,74,OPTIMAL
1.791634907006645e9,7,47758,9.465378046035767,81,OPTIMAL
1.791634907122638e9,8,36231,0.8213379383087158,0,OPTIMAL
1.791634908696423e9,7,36231,1.014714002609253,0,OPTIMAL
1.79163490918119e9,11,47758,7.305739879608154,64,OPTIMAL
1.791634910468449e9,11,36231,0.7652020454406738,0,OPTIMAL
1.791634911385774e9,5,49800,10.129842042922974,69,OPTIMAL
1.79163491209102e9,5,36231,0.6602890491485596,0,OPTIMAL
1.79163491396652e9,4,47758,12.286549091339111,82,OPTIMAL
1.791634914074072e9,15,51094,14.099169969558716,76,OPTIMAL
1.791634914304662e9,15,36231,0.19317889213562012,0,OPTIMAL
1.791634915237002e9,4,36231,1.0746300220489502,0,OPTIMAL
1.791634924829529e9,12,47758,13.333882093429565,67,OPTIMAL
1.791634926749495e9,12,36231,1.1824398040771484,0,OPTIMAL
1.791634927970918e9,6,47758,17.269227027893066,78,OPTIMAL
1.791634928278822e9,13,47758,18.81106400489807,71,OPTIMAL
1.791634930007321e9,6,36231,1.8613848686218262,0,OPTIMAL
1.791634930718889e9,14,47758,13.099667072296143,68,OPTIMAL
1.791634931794344e9,13,36231,1.6133480072021484,0,OPTIMAL
1.791634933237051e9,14,36231,1.384572982788086,0,OPTIMAL
1.79163493467198e9,11,49955,24.180227994918823,75,OPTIMAL
1.791634934850373e9,5,51714,22.72472310066223,68,OPTIMAL
1.791634934985149e9,9,47758,21.832000017166138,87,OPTIMAL
1.791634934999505e9,5,36231,0.09756112098693848,0,OPTIMAL
1.791634935173977e9,11,36231,0.46128201484680176,0,OPTIMAL
1.79163493698271e9,10,47758,19.347338914871216,71,OPTIMAL
1.791634937407095e9,9,36231,2.074110984802246,0,OPTIMAL
1.791634937887452e9,8,51991,30.73616909980774,81,OPTIMAL
1.791634937932667e9,7,49534,29.219818115234375,79,OPTIMAL
1.791634938261203e9,7,36231,0.2828841209411621,0,OPTIMAL
1.791634938873366e9,8,36231,0.9436829090118408,0,OPTIMAL
1.791634939152203e9,10,36231,1.6425220966339111,0,OPTIMAL
1.791634943974202e9,4,50522,28.52476692199707,76,OPTIMAL
1.791634944491983e9,4,36231,0.23085904121398926,0,OPTIMAL
1.791634945065775e9,15,53193,30.72023606300354,72,OPTIMAL
1.791634945312961e9,15,36231,0.20610713958740234,0,OPTIMAL
1.79163494601179e9,13,50064,14.186361074447632,67,OPTIMAL
1.791634946302833e9,13,36231,0.24809479713439941,0,OPTIMAL
1.791634947033072e9,12,50064,20.24534296989441,74,OPTIMAL
1.791634947287761e9,12,36231,0.21102094650268555,0,OPTIMAL
1.791634954972512e9,14,51163,21.682558059692383,70,OPTIMAL
1.791634955292324e9,14,36231,0.2761721611022949,0,OPTIMAL
1.791634956213853e9,10,50872,17.01517105102539,77,OPTIMAL
1.791634956340699e9,6,50723,26.281755924224854,90,OPTIMAL
1.791634956597583e9,6,36231,0.20849609375,0,OPTIMAL
1.791634956872729e9,10,36231,0.6184120178222656,0,OPTIMAL
1.791634956883183e9,5,53879,21.68490195274353,76,OPTIMAL
1.791634957862551e9,5,36231,0.28936004638671875,0,OPTIMAL
1.791634958716906e9,11,51865,23.497520923614502,75,OPTIMAL
1.791634959016385e9,11,36231,0.2572441101074219,0,OPTIMAL
1.79163496282656e9,9,51547,25.359413146972656,77,OPTIMAL
1.791634963240139e9,3,36231,0.5562038421630859,0,OPTIMAL
1.791634964024356e9,9,36231,0.7469241619110107,0,OPTIMAL
1.791634964153852e9,3,36231,0.9007620811462402,0,OPTIMAL
1.791634965198394e9,4,52504,20.666965007781982,82,OPTIMAL
1.791634965950642e9,4,36231,0.7108981609344482,0,OPTIMAL
1.791634967113135e9,15,54448,21.767716884613037,88,OPTIMAL
1.791634967332498e9,15,36231,0.17745089530944824,0,OPTIMAL
1.791634967661805e9,13,52391,21.321781158447266,83,OPTIMAL
1.791634968491965e9,13,36231,0.6210439205169678,0,OPTIMAL
1.791634970249931e9,12,52074,22.676673889160156,78,OPTIMAL
1.791634970313371e9,8,53932,31.401747941970825,81,OPTIMAL
1.791634970594541e9,8,36231,0.24114394187927246,0,OPTIMAL
1.791634970927046e9,12,36231,0.6386058330535889,0,OPTIMAL
1.791634974300077e9,7,51508,35.99371099472046,96,OPTIMAL
1.791634974917791e9,7,36231,0.3646700382232666,0,OPTIMAL
1.791634977990874e9,5,55995,19.88887596130371,70,OPTIMAL
1.791634978343686e9,5,36231,0.3099370002746582,0,OPTIMAL
1.791634981926224e9,14,52970,26.59230399131775,85,OPTIMAL
1.791634982189408e9,14,36231,0.22312617301940918,0,OPTIMAL
1.791634985466204e9,9,52875,21.414019107818604,79,OPTIMAL
1.791634985655848e9,11,54908,26.580168962478638,76,OPTIMAL
1.791634986093742e9,9,36231,0.5801169872283936,0,OPTIMAL
1.791634986252021e9,11,36231,0.14505410194396973,0,OPTIMAL
1.791634986907362e9,15,55847,19.533527851104736,78,OPTIMAL
1.791634987186239e9,15,36231,0.23994183540344238,0,OPTIMAL
1.791634989609108e9,13,53545,21.081851959228516,75,OPTIMAL
1.791634990837041e9,13,36231,1.1849119663238525,0,OPTIMAL
1.791634992744013e9,6,52900,36.100175857543945,83,OPTIMAL
1.791634993895979e9,8,55850,23.256596088409424,83,OPTIMAL
1.791634994435269e9,10,53954,36.86508297920227,72,OPTIMAL
1.791634994725215e9,6,36231,1.3881099224090576,0,OPTIMAL
1.791634994922537e9,8,36231,0.9866788387298584,0,OPTIMAL
1.791634996300058e9,12,54409,25.333110094070435,74,OPTIMAL
1.791634996514643e9,12,36231,0.1696329116821289,0,OPTIMAL
1.791634999554123e9,5,57183,21.173848867416382,67,OPTIMAL
1.791635000141129e9,5,36231,0.2024848461151123,0,OPTIMAL
1.791635002433112e9,11,56685,16.14310908317566,72,OPTIMAL
1.791635003415485e9,11,36231,0.9404680728912354,0,OPTIMAL
1.791635010167304e9,13,55343,19.283150911331177,76,OPTIMAL
1.791635011126374e9,10,57089,16.61452293395996,72,OPTIMAL
1.791635011332087e9,13,36231,1.1198389530181885,0,OPTIMAL
1.791635011672875e9,4,54736,45.683748960494995,68,OPTIMAL
1.791635012173366e9,10,36231,0.998769998550415,0,OPTIMAL
1.791635013770225e9,6,54126,19.015899896621704,70,OPTIMAL
1.791635014070197e9,6,36231,0.25667309761047363,0,OPTIMAL
1.791635017143333e9,14,55010,34.91957402229309,72,OPTIMAL
1.791635020679545e9,9,54920,34.530515909194946,87,OPTIMAL
1.791635021216059e9,7,53388,46.26071810722351,116,OPTIMAL
1.791635021451543e9,7,36231,0.19250702857971191,0,OPTIMAL
1.7916350217636e9,9,36231,1.0417418479919434,0,OPTIMAL
1.791635025295797e9,11,59471,21.83384609222412,79,OPTIMAL
1.791635025931389e9,11,36231,0.5861961841583252,0,OPTIMAL
1.791635026334297e9,3,36231,1.3063898086547852,0,OPTIMAL
1.791635027277255e9,3,36231,0.9277679920196533,0,OPTIMAL
1.791635028398234e9,5,58191,28.22716188430786,80,OPTIMAL
1.791635029676582e9,12,56335,33.124054193496704,111,OPTIMAL
1.791635030227286e9,5,36231,1.3113999366760254,0,OPTIMAL
1.791635030421599e9,8,58869,35.44323992729187,91,OPTIMAL
1.791635030667637e9,8,36231,0.20345711708068848,0,OPTIMAL
1.791635031082665e9,10,60886,18.875867128372192,69,OPTIMAL
1.791635031387863e9,12,36231,1.6679329872131348,0,OPTIMAL
1.791635031505325e9,10,36231,0.3707590103149414,0,OPTIMAL
1.791635032291665e9,4,57564,20.04232883453369,67,OPTIMAL
1.791635033040756e9,4,36231,0.7079548835754395,0,OPTIMAL
1.791635033647906e9,6,56097,19.52919602394104,72,OPTIMAL
1.791635034023879e9,6,36231,0.33476781845092773,0,OPTIMAL
1.791635035640534e9,13,59557,24.242650032043457,81,OPTIMAL
1.791635035649277e9,9,57292,13.831126928329468,60,OPTIMAL
1.791635036107263e9,13,36231,0.2322249412536621,0,OPTIMAL
1.791635036770621e9,14,57568,19.169590950012207,79,OPTIMAL
1.791635036936095e9,9,36231,1.0666890144348145,0,OPTIMAL
1.791635037580557e9,14,36231,0.7724399566650391,0,OPTIMAL
1.7916350380775e9,15,58297,50.8484570980072,89,OPTIMAL
1.791635048339524e9,7,55572,26.832309007644653,77,OPTIMAL
1.791635048899952e9,7,36231,0.19475102424621582,0,OPTIMAL
1.79163505095569e9,11,61916,24.978914976119995,78,OPTIMAL
1.791635051246004e9,11,36231,0.25109410285949707,0,OPTIMAL
1.791635053306427e9,6,60606,19.207263946533203,76,OPTIMAL
1.791635053362201e9,9,60663,16.366257190704346,73,OPTIMAL
1.791635053533984e9,6,36231,0.18731307983398438,0,OPTIMAL
1.791635053914054e9,9,36231,0.5075559616088867,0,OPTIMAL
1.791635054379462e9,4,60951,21.27943992614746,77,OPTIMAL
1.791635054475552e9,12,60926,23.006008863449097,85,OPTIMAL
1.791635055012226e9,4,36231,0.5921878814697266,0,OPTIMAL
1.791635055288327e9,12,36231,0.22798395156860352,0,OPTIMAL
1.791635058906851e9,15,61171,20.578562021255493,71,OPTIMAL
1.791635060490027e9,15,36231,1.5426359176635742,0,OPTIMAL
1.791635061223101e9,10,63389,29.373705863952637,76,OPTIMAL
1.79163506151776e9,10,36231,0.2512838840484619,0,OPTIMAL
1.791635064456179e9,14,61038,26.826583862304688,85,OPTIMAL
1.791635064710048e9,14,36231,0.20444297790527344,0,OPTIMAL
1.79163506670855e9,5,59946,36.44085192680359,87,OPTIMAL
1.791635067412692e9,5,36231,0.6637709140777588,0,OPTIMAL
1.791635073293524e9,8,60405,42.586771965026855,82,OPTIMAL
1.791635073683837e9,8,36231,0.348736047744751,0,OPTIMAL
1.79163507378504e9,11,63131,22.509390115737915,80,OPTIMAL
1.791635074058346e9,11,36231,0.23020291328430176,0,OPTIMAL
1.791635075558627e9,6,62098,21.99096703529358,73,OPTIMAL
1.791635075750032e9,6,36231,0.15188217163085938,0,OPTIMAL
1.791635076458825e9,13,61542,40.30099010467529,88,OPTIMAL
1.791635077491062e9,13,36231,0.9918749332427979,0,OPTIMAL
1.791635080820432e9,7,56575,31.890803813934326,85,OPTIMAL
1.791635081024486e9,12,62631,25.69765305519104,82,OPTIMAL
1.79163508121832e9,12,36231,0.14691805839538574,0,OPTIMAL
1.791635081368245e9,7,36231,0.32694101333618164,0,OPTIMAL
1.791635082220213e9,9,63002,28.260519981384277,96,OPTIMAL
1.79163508255888e9,9,36231,0.2928018569946289,0,OPTIMAL
1.791635083058572e9,15,64997,22.502083778381348,72,OPTIMAL
1.791635083867911e9,15,36231,0.7697811126708984,0,OPTIMAL
1.791635088374722e9,4,62456,33.329724073410034,90,OPTIMAL
1.791635088640685e9,4,36231,0.22634601593017578,0,OPTIMAL
1.791635089455024e9,3,36231,1.1933419704437256,0,OPTIMAL
1.791635090919721e9,3,36231,1.450455904006958,0,OPTIMAL
1.791635092019577e9,14,63324,27.107961893081665,91,OPTIMAL
1.791635092673288e9,5,61637,25.218916177749634,97,OPTIMAL
1.79163509302617e9,14,36231,0.9645140171051025,0,OPTIMAL
1.791635093963125e9,5,36231,1.2491719722747803,0,OPTIMAL
1.791635097732712e9,10,64573,36.174376010894775,81,OPTIMAL
1.791635098110942e9,11,65231,23.71668791770935,99,OPTIMAL
1.791635098456707e9,10,36231,0.684412956237793,0,OPTIMAL
1.791635098556379e9,6,63216,22.76811408996582,79,OPTIMAL
1.791635098811372e9,6,36231,0.20987820625305176,0,OPTIMAL
1.791635099621132e9,11,36231,1.4704349040985107,0,OPTIMAL
1.791635103196507e9,12,63790,21.93519902229309,71,OPTIMAL
1.791635103750401e9,12,36231,0.07541394233703613,0,OPTIMAL
1.791635104249853e9,8,62106,30.5315260887146,76,OPTIMAL
1.791635104517069e9,8,36231,0.22545289993286133,0,OPTIMAL
1.791635108887248e9,9,64386,26.06438899040222,81,OPTIMAL
1.791635109127504e9,9,36231,0.2008190155029297,0,OPTIMAL
1.791635117641929e9,7,57380,36.24423098564148,93,OPTIMAL
1.791635117838776e9,7,36231,0.1506659984588623,0,OPTIMAL
1.79163512039335e9,12,64434,16.610302925109863,77,OPTIMAL
1.791635121512051e9,12,36231,1.071504831314087,0,OPTIMAL
1.791635121957256e9,4,63605,33.27269411087036,82,OPTIMAL
1.791635122447522e9,14,65398,29.381129026412964,80,OPTIMAL
1.791635122844666e9,14,36231,0.3605468273162842,0,OPTIMAL
1.791635123390295e9,4,36231,0.9212901592254639,0,OPTIMAL
1.791635124539119e9,15,66755,40.62616419792175,82,OPTIMAL
1.791635124883906e9,15,36231,0.3039100170135498,0,OPTIMAL
1.791635124947865e9,10,65090,26.461482048034668,103,OPTIMAL
1.791635126357493e9,10,36231,1.3641490936279297,0,OPTIMAL
1.791635126390983e9,5,65781,31.80904507637024,91,OPTIMAL
1.791635127539226e9,5,36231,0.22131896018981934,0,OPTIMAL
1.791635127635477e9,8,63136,23.080447912216187,78,OPTIMAL
1.791635128147546e9,11,69611,28.459912061691284,85,OPTIMAL
1.791635128509589e9,11,36231,0.3216259479522705,0,OPTIMAL
1.791635128555092e9,10,69910,1.2463738918304443,4,TIME_LIMIT
1.791635128556137e9,8,36231,0.8834819793701172,0,TIME_LIMIT
1.791635128561306e9,12,67588,6.99945592880249,32,TIME_LIMIT
1.791635128561528e9,15,67689,3.639979839324951,7,TIME_LIMIT
1.791635128582582e9,14,67369,5.687016010284424,24,TIME_LIMIT
1.791635128617621e9,4,65356,5.18034291267395,19,TIME_LIMIT
1.791635128631612e9,7,59714,10.734786987304688,33,TIME_LIMIT
1.791635128637927e9,6,64718,29.775980949401855,79,TIME_LIMIT
1.79163512864822e9,5,67913,1.0649468898773193,3,TIME_LIMIT
1.791635128661818e9,11,71322,0.10068106651306152,0,TIME_LIMIT
1.791635128703073e9,9,65476,19.541326999664307,66,TIME_LIMIT
1.791635129038579e9,13,64090,51.48397088050842,63,TIME_LIMIT
1.791635129407422e9,3,36231,0.813784122467041,0,OPTIMAL
